NODE_5_length_333835_cov_309.765969,res.001.fasta
NODE_7_length_294019_cov_306.205944,res.001.fasta
NODE_11_length_242707_cov_310.003672,res.001.fasta
NODE_12_length_235458_cov_373.520342,res.001.fasta
NODE_13_length_227502_cov_326.723030,res.001.fasta
NODE_16_length_209689_cov_313.186706,res.001.fasta
NODE_20_length_193520_cov_319.795875,res.001.fasta
NODE_22_length_140242_cov_345.429512,res.001.fasta
NODE_24_length_115020_cov_309.538755,res.001.fasta
NODE_28_length_101046_cov_310.216415,res.001.fasta
NODE_34_length_83427_cov_380.032025,res.001.fasta
NODE_35_length_82908_cov_311.527006,res.001.fasta
NODE_37_length_57497_cov_317.235507,res.001.fasta
NODE_39_length_54907_cov_413.081091,res.001.fasta
NODE_43_length_48364_cov_308.874040,res.001.fasta
NODE_45_length_43477_cov_311.652549,res.001.fasta
NODE_53_length_35977_cov_320.491287,res.001.fasta
NODE_54_length_35533_cov_525.029624,res.001.fasta
NODE_58_length_28424_cov_310.588600,res.001.fasta
NODE_60_length_23745_cov_303.060068,res.001.fasta
NODE_61_length_20239_cov_309.130995,res.001.fasta
NODE_65_length_8727_cov_307.023985,res.001.fasta
NODE_69_length_2649_cov_926.501542,res.001.fasta
NODE_70_length_2345_cov_1381.837991,res.001.fasta
NODE_75_length_1535_cov_915.246622,res.001.fasta
NODE_91_length_335_cov_476.792857,res.001.fasta
NODE_92_length_316_cov_311.754789,res.001.fasta
NODE_94_length_306_cov_290.984064,res.001.fasta
NODE_96_length_263_cov_926.326923,res.001.fasta
NODE_97_length_256_cov_306.079602,res.001.fasta
NODE_98_length_254_cov_448.095477,res.001.fasta
NODE_100_length_223_cov_519.470238,res.001.fasta
NODE_101_length_219_cov_317.097561,res.001.fasta
NODE_104_length_201_cov_291.431507,res.001.fasta
NODE_107_length_160_cov_610.676190,res.001.fasta
NODE_113_length_144_cov_311.910112,res.001.fasta
NODE_115_length_137_cov_936.817073,res.001.fasta
NODE_117_length_131_cov_304.460526,res.001.fasta
NODE_119_length_128_cov_647.589041,res.001.fasta
NODE_120_length_126_cov_287.901408,res.001.fasta
NODE_124_length_123_cov_616.676471,res.001.fasta
NODE_125_length_122_cov_626.716418,res.001.fasta
NODE_129_length_120_cov_299.861538,res.001.fasta
NODE_131_length_118_cov_302.730159,res.001.fasta
NODE_137_length_113_cov_579.637931,res.001.fasta
NODE_138_length_111_cov_1641.750000,res.001.fasta
NODE_140_length_110_cov_288.654545,res.001.fasta
NODE_142_length_102_cov_311.957447,res.001.fasta
NODE_159_length_75_cov_936.100000,res.001.fasta
NODE_174_length_58_cov_650.333333,res.001.fasta
NODE_175_length_57_cov_620.000000,res.001.fasta
NODE_182_length_56_cov_597.000000,res.001.fasta
NODE_1_length_488682_cov_86.190505,res.002.fasta
NODE_4_length_346431_cov_86.228266,res.002.fasta
NODE_9_length_265823_cov_88.260370,res.002.fasta
NODE_14_length_220639_cov_88.091915,res.002.fasta
NODE_19_length_193605_cov_88.758791,res.002.fasta
NODE_21_length_158927_cov_87.573997,res.002.fasta
NODE_23_length_117248_cov_87.447902,res.002.fasta
NODE_25_length_109278_cov_86.311564,res.002.fasta
NODE_27_length_104484_cov_85.999655,res.002.fasta
NODE_29_length_97556_cov_86.828022,res.002.fasta
NODE_33_length_87414_cov_86.098490,res.002.fasta
NODE_36_length_75968_cov_85.283983,res.002.fasta
NODE_40_length_52582_cov_87.925657,res.002.fasta
NODE_41_length_51999_cov_84.154224,res.002.fasta
NODE_42_length_49567_cov_91.112902,res.002.fasta
NODE_44_length_45842_cov_86.030074,res.002.fasta
NODE_46_length_42994_cov_88.472018,res.002.fasta
NODE_47_length_42793_cov_92.771094,res.002.fasta
NODE_50_length_41992_cov_86.797863,res.002.fasta
NODE_51_length_39750_cov_86.331654,res.002.fasta
NODE_52_length_37804_cov_88.056664,res.002.fasta
NODE_56_length_32285_cov_86.289078,res.002.fasta
NODE_59_length_28254_cov_86.771978,res.002.fasta
NODE_62_length_19743_cov_86.393895,res.002.fasta
NODE_63_length_17530_cov_92.904492,res.002.fasta
NODE_66_length_5260_cov_86.980211,res.002.fasta
NODE_76_length_1515_cov_166.124658,res.002.fasta
NODE_79_length_908_cov_303.667057,res.002.fasta
NODE_81_length_764_cov_99.000000,res.002.fasta
NODE_83_length_609_cov_408.725632,res.002.fasta
NODE_87_length_506_cov_410.445676,res.002.fasta
NODE_89_length_395_cov_158.788235,res.002.fasta
NODE_90_length_350_cov_87.006780,res.002.fasta
NODE_93_length_308_cov_434.719368,res.002.fasta
NODE_95_length_284_cov_84.877729,res.002.fasta
NODE_99_length_253_cov_91.707071,res.002.fasta
NODE_102_length_213_cov_178.215190,res.002.fasta
NODE_103_length_203_cov_157.858108,res.002.fasta
NODE_105_length_186_cov_79.549618,res.002.fasta
NODE_106_length_181_cov_348.373016,res.002.fasta
NODE_108_length_160_cov_106.523810,res.002.fasta
NODE_109_length_156_cov_65.009901,res.002.fasta
NODE_110_length_151_cov_179.625000,res.002.fasta
NODE_111_length_147_cov_86.880435,res.002.fasta
NODE_112_length_144_cov_430.640449,res.002.fasta
NODE_116_length_135_cov_93.850000,res.002.fasta
NODE_118_length_129_cov_90.905405,res.002.fasta
NODE_121_length_126_cov_165.112676,res.002.fasta
NODE_122_length_126_cov_86.309859,res.002.fasta
NODE_123_length_124_cov_88.507246,res.002.fasta
NODE_126_length_122_cov_87.746269,res.002.fasta
NODE_127_length_122_cov_77.776119,res.002.fasta
NODE_128_length_121_cov_87.257576,res.002.fasta
NODE_130_length_119_cov_89.156250,res.002.fasta
NODE_132_length_116_cov_91.311475,res.002.fasta
NODE_133_length_115_cov_176.250000,res.002.fasta
NODE_134_length_115_cov_90.166667,res.002.fasta
NODE_135_length_114_cov_98.033898,res.002.fasta
NODE_136_length_114_cov_87.813559,res.002.fasta
NODE_139_length_111_cov_73.875000,res.002.fasta
NODE_141_length_108_cov_71.264151,res.002.fasta
NODE_143_length_102_cov_92.255319,res.002.fasta
NODE_144_length_101_cov_99.673913,res.002.fasta
NODE_145_length_99_cov_244.840909,res.002.fasta
NODE_146_length_99_cov_86.818182,res.002.fasta
NODE_147_length_98_cov_78.720930,res.002.fasta
NODE_148_length_98_cov_74.906977,res.002.fasta
NODE_149_length_96_cov_279.414634,res.002.fasta
NODE_150_length_95_cov_246.350000,res.002.fasta
NODE_151_length_95_cov_240.500000,res.002.fasta
NODE_154_length_88_cov_148.030303,res.002.fasta
NODE_156_length_85_cov_89.700000,res.002.fasta
NODE_157_length_84_cov_86.517241,res.002.fasta
NODE_158_length_81_cov_200.461538,res.002.fasta
NODE_160_length_75_cov_324.900000,res.002.fasta
NODE_161_length_74_cov_328.105263,res.002.fasta
NODE_162_length_65_cov_188.900000,res.002.fasta
NODE_163_length_65_cov_141.300000,res.002.fasta
NODE_164_length_65_cov_81.100000,res.002.fasta
NODE_165_length_64_cov_172.888889,res.002.fasta
NODE_166_length_63_cov_266.000000,res.002.fasta
NODE_167_length_63_cov_149.000000,res.002.fasta
NODE_168_length_61_cov_181.166667,res.002.fasta
NODE_169_length_61_cov_156.333333,res.002.fasta
NODE_170_length_60_cov_180.600000,res.002.fasta
NODE_171_length_60_cov_177.000000,res.002.fasta
NODE_172_length_59_cov_279.250000,res.002.fasta
NODE_173_length_59_cov_279.000000,res.002.fasta
NODE_176_length_57_cov_253.500000,res.002.fasta
NODE_177_length_57_cov_168.000000,res.002.fasta
NODE_178_length_57_cov_93.500000,res.002.fasta
NODE_180_length_57_cov_78.000000,res.002.fasta
NODE_183_length_56_cov_430.000000,res.002.fasta
NODE_184_length_56_cov_240.000000,res.002.fasta
NODE_185_length_56_cov_85.000000,res.002.fasta
NODE_2_length_472233_cov_17.669606,res.003.fasta
NODE_3_length_354360_cov_17.661738,res.003.fasta
NODE_6_length_320140_cov_17.501083,res.003.fasta
NODE_8_length_279598_cov_17.610092,res.003.fasta
NODE_15_length_211497_cov_17.385803,res.003.fasta
NODE_17_length_205303_cov_17.703919,res.003.fasta
NODE_18_length_199477_cov_17.865722,res.003.fasta
NODE_30_length_97510_cov_17.909466,res.003.fasta
NODE_31_length_95655_cov_17.282458,res.003.fasta
NODE_32_length_94164_cov_17.834065,res.003.fasta
NODE_48_length_42449_cov_17.852078,res.003.fasta
NODE_49_length_42268_cov_18.209059,res.003.fasta
NODE_55_length_33240_cov_17.325267,res.003.fasta
NODE_57_length_31863_cov_17.048133,res.003.fasta
NODE_64_length_9319_cov_18.409004,res.003.fasta
NODE_67_length_5166_cov_17.645666,res.003.fasta
NODE_68_length_4475_cov_55.453846,res.003.fasta
NODE_72_length_1923_cov_34.187366,res.003.fasta
NODE_77_length_1459_cov_124.053419,res.003.fasta
NODE_86_length_528_cov_50.232558,res.003.fasta
NODE_114_length_141_cov_35.674419,res.003.fasta
NODE_153_length_90_cov_2.628571,res.003.fasta
NODE_155_length_87_cov_3.625000,res.003.fasta
NODE_179_length_57_cov_80.000000,res.003.fasta
NODE_181_length_57_cov_35.000000,res.003.fasta
NODE_186_length_56_cov_37.000000,res.003.fasta
NODE_187_length_56_cov_37.000000,res.003.fasta
NODE_188_length_56_cov_36.000000,res.003.fasta
NODE_189_length_56_cov_33.000000,res.003.fasta
