NODE_1_length_488682_cov_86.190505,res.002.fasta
NODE_4_length_346431_cov_86.228266,res.002.fasta
NODE_9_length_265823_cov_88.260370,res.002.fasta
NODE_14_length_220639_cov_88.091915,res.002.fasta
NODE_19_length_193605_cov_88.758791,res.002.fasta
NODE_21_length_158927_cov_87.573997,res.002.fasta
NODE_23_length_117248_cov_87.447902,res.002.fasta
NODE_25_length_109278_cov_86.311564,res.002.fasta
NODE_27_length_104484_cov_85.999655,res.002.fasta
NODE_29_length_97556_cov_86.828022,res.002.fasta
NODE_33_length_87414_cov_86.098490,res.002.fasta
NODE_36_length_75968_cov_85.283983,res.002.fasta
NODE_38_length_56446_cov_86.057155,res.002.fasta
NODE_40_length_52582_cov_87.925657,res.002.fasta
NODE_41_length_51999_cov_84.154224,res.002.fasta
NODE_42_length_49567_cov_91.112902,res.002.fasta
NODE_44_length_45842_cov_86.030074,res.002.fasta
NODE_46_length_42994_cov_88.472018,res.002.fasta
NODE_47_length_42793_cov_92.771094,res.002.fasta
NODE_50_length_41992_cov_86.797863,res.002.fasta
NODE_51_length_39750_cov_86.331654,res.002.fasta
NODE_52_length_37804_cov_88.056664,res.002.fasta
NODE_56_length_32285_cov_86.289078,res.002.fasta
NODE_59_length_28254_cov_86.771978,res.002.fasta
NODE_62_length_19743_cov_86.393895,res.002.fasta
NODE_63_length_17530_cov_92.904492,res.002.fasta
NODE_66_length_5260_cov_86.980211,res.002.fasta
NODE_68_length_4475_cov_55.453846,res.002.fasta
NODE_69_length_2649_cov_926.501542,res.002.fasta
NODE_76_length_1515_cov_166.124658,res.002.fasta
NODE_77_length_1459_cov_124.053419,res.002.fasta
NODE_78_length_1023_cov_165.012397,res.002.fasta
NODE_2_length_472233_cov_17.669606,res.003.fasta
NODE_3_length_354360_cov_17.661738,res.003.fasta
NODE_6_length_320140_cov_17.501083,res.003.fasta
NODE_8_length_279598_cov_17.610092,res.003.fasta
NODE_15_length_211497_cov_17.385803,res.003.fasta
NODE_17_length_205303_cov_17.703919,res.003.fasta
NODE_18_length_199477_cov_17.865722,res.003.fasta
NODE_30_length_97510_cov_17.909466,res.003.fasta
NODE_31_length_95655_cov_17.282458,res.003.fasta
NODE_32_length_94164_cov_17.834065,res.003.fasta
NODE_48_length_42449_cov_17.852078,res.003.fasta
NODE_49_length_42268_cov_18.209059,res.003.fasta
NODE_55_length_33240_cov_17.325267,res.003.fasta
NODE_57_length_31863_cov_17.048133,res.003.fasta
NODE_64_length_9319_cov_18.409004,res.003.fasta
NODE_67_length_5166_cov_17.645666,res.003.fasta
NODE_72_length_1923_cov_34.187366,res.003.fasta
NODE_5_length_333835_cov_309.765969,res.001.fasta
NODE_7_length_294019_cov_306.205944,res.001.fasta
NODE_10_length_250431_cov_331.922996,res.001.fasta
NODE_11_length_242707_cov_310.003672,res.001.fasta
NODE_12_length_235458_cov_373.520342,res.001.fasta
NODE_13_length_227502_cov_326.723030,res.001.fasta
NODE_16_length_209689_cov_313.186706,res.001.fasta
NODE_20_length_193520_cov_319.795875,res.001.fasta
NODE_22_length_140242_cov_345.429512,res.001.fasta
NODE_24_length_115020_cov_309.538755,res.001.fasta
NODE_26_length_107717_cov_328.607243,res.001.fasta
NODE_28_length_101046_cov_310.216415,res.001.fasta
NODE_34_length_83427_cov_380.032025,res.001.fasta
NODE_35_length_82908_cov_311.527006,res.001.fasta
NODE_37_length_57497_cov_317.235507,res.001.fasta
NODE_39_length_54907_cov_413.081091,res.001.fasta
NODE_43_length_48364_cov_308.874040,res.001.fasta
NODE_45_length_43477_cov_311.652549,res.001.fasta
NODE_53_length_35977_cov_320.491287,res.001.fasta
NODE_54_length_35533_cov_525.029624,res.001.fasta
NODE_58_length_28424_cov_310.588600,res.001.fasta
NODE_60_length_23745_cov_303.060068,res.001.fasta
NODE_61_length_20239_cov_309.130995,res.001.fasta
NODE_65_length_8727_cov_307.023985,res.001.fasta
NODE_70_length_2345_cov_1381.837991,res.001.fasta
NODE_75_length_1535_cov_915.246622,res.001.fasta
